x,y,z
1.390726604528768062e+00,6.311215606219858394e-03,3.176818136125802994e-03
7.602495856006937554e-04,5.653948695668810087e-01,3.176818136125802994e-03
7.027744062936292510e-04,-3.896051287035922628e-01,3.176818136125802994e-03
1.387690761587043520e+00,6.144395867559862903e-03,3.552808891981840134e-03
7.594149783997798447e-04,5.643150147596098787e-01,3.552808891981840134e-03
6.421807839001742726e-04,-3.886849780295526524e-01,3.552808891981840134e-03
1.387962759380170441e+00,7.149497316325922371e-03,3.296760376542806625e-03
1.045961568754750094e-03,5.653562654126369491e-01,3.296760376542806625e-03
9.038880971604063919e-04,-3.876437239971892712e-01,3.296760376542806625e-03
1.387464921043956911e+00,6.120240434430331868e-03,3.781781764701008797e-03
5.749814421113425607e-04,5.643937356240097403e-01,3.781781764701008797e-03
3.870569614646465480e-04,-3.886062458473383274e-01,3.781781764701008797e-03
1.387454466678646803e+00,6.416747496954862233e-03,2.477960195392370224e-03
5.564009661797450143e-04,5.646700549865008023e-01,2.477960195392370224e-03
3.823484020223797070e-04,-3.883299291193254010e-01,2.477960195392370224e-03
1.387680471506608448e+00,6.140954351589788217e-03,2.529215766116976738e-03
8.247061535094749084e-04,5.644993393579139651e-01,2.529215766116976738e-03
5.784490051807017648e-04,-3.885006288254103102e-01,2.529215766116976738e-03
1.386644174598731460e+00,7.170586669755420021e-03,4.827900324016809464e-03
7.911659980710417529e-04,5.595395200399235769e-01,4.827900324016809464e-03
5.372113851726711053e-04,-3.944604461587417621e-01,4.827900324016809464e-03
1.386389002665573189e+00,6.257201832972392012e-03,2.940687583759427071e-03
4.995888305325360025e-04,5.585347883960763982e-01,2.940687583759427071e-03
3.085151338521174152e-04,-3.954651924691448550e-01,2.940687583759427071e-03
1.386608830672209747e+00,6.522050040148311481e-03,2.745488425716757774e-03
7.378174078933510266e-04,5.588458088933563328e-01,2.745488425716757774e-03
5.149600380744740911e-04,-3.951541650765557634e-01,2.745488425716757774e-03
1.386326257141644369e+00,7.008486589753992572e-03,1.968026859685778618e-03
4.575849030047798123e-04,5.593381194246309640e-01,1.968026859685778618e-03
2.306840233383960917e-04,-3.946618535921353477e-01,1.968026859685778618e-03
1.386551626053448727e+00,6.307179117740864364e-03,3.168230177834630013e-03
6.448687774929247980e-04,5.585412419360761271e-01,3.168230177834630013e-03
4.837551855486664303e-04,-3.954587444593171686e-01,3.168230177834630013e-03
1.386543117946449133e+00,6.925826026567499447e-03,1.887281658127903938e-03
6.902940165976445249e-04,5.602945551806964852e-01,1.887281658127903938e-03
4.359478535791303975e-04,-3.957054109845903889e-01,1.887281658127903938e-03
1.386522648923784962e+00,6.214274345499512346e-03,4.704730585217475891e-03
6.774151538993938848e-04,5.596020118653068920e-01,4.704730585217475891e-03
4.099564537046745277e-04,-3.963979507214308029e-01,4.704730585217475891e-03
1.386747550364565207e+00,1.035983240578361355e-03,3.237569238990545273e-03
7.981178863896376758e-04,5.541627052613306015e-01,3.237569238990545273e-03
7.107091839317298881e-04,-4.018372907427064100e-01,3.237569238990545273e-03
1.387801795302086694e+00,1.475158227451430588e-03,3.603300312533974648e-03
1.818151010239176099e-03,5.545161492538753789e-01,3.603300312533974648e-03
1.789877090706203230e-03,-4.014838503280208082e-01,3.603300312533974648e-03
1.386578459390427343e+00,3.818842560880498864e-04,2.810359699651598930e-03
6.382939244995835051e-04,5.535318257260992691e-01,2.810359699651598930e-03
5.348688602091462938e-04,-4.024681686793694646e-01,2.810359699651598930e-03
1.375466466735802307e+00,3.143538464070644626e-04,3.266046755015850067e-03
4.665440251037051363e-04,5.533145460213946265e-01,3.266046755015850067e-03
4.664099917813458915e-04,-4.056854539785960667e-01,3.266046755015850067e-03
1.375428170421831187e+00,2.171206668929497529e-04,2.800317015498876572e-03
4.492525652278242087e-04,5.532695372151652524e-01,2.800317015498876572e-03
4.126941251260173114e-04,-4.057304620880050061e-01,2.800317015498876572e-03
1.375412184395818249e+00,1.107289441529052702e-03,3.499785671010613441e-03
4.121203516472669469e-04,5.541071301996671750e-01,3.499785671010613441e-03
4.122314156051376977e-04,-4.048928698003265159e-01,3.499785671010613441e-03
1.375423745877673465e+00,2.468506204216123156e-04,2.508294535800814629e-03
4.170064072248104979e-04,5.532300930526368177e-01,2.508294535800814629e-03
4.286940204036342118e-04,-4.057699068761430605e-01,2.508294535800814629e-03
1.375624115570376782e+00,-5.246783123643934590e-04,4.057449754327535629e-03
6.030472488594029214e-04,5.524229337377765114e-01,4.057449754327535629e-03
6.395851826777223647e-04,-4.065770655661752886e-01,4.057449754327535629e-03
1.379418480355003140e+00,-5.029008222030492692e-05,3.856423310935497284e-03
5.774460273321061019e-04,5.513473904118111335e-01,3.856423310935497284e-03
3.002937607145300843e-04,-4.096525696228504598e-01,3.856423310935497284e-03
1.379387930618711788e+00,2.278270869875661381e-02,2.714437665417790413e-03
-8.380734155621870352e-03,5.513090874826946930e-01,2.714437665417790413e-03
7.230057896973994015e-03,-4.095641107966050964e-01,2.714437665417790413e-03
1.378802076226103734e+00,5.358801439506670483e-03,1.427578972652554512e-03
-1.788366278745301581e-03,5.523615711438889520e-01,1.427578972652554512e-03
9.956194862244245429e-04,-4.086343962895132020e-01,1.427578972652554512e-03
1.378781842828596504e+00,-2.178242498635229660e-02,4.633403383195400238e-03
8.429844187736429406e-03,5.503866058262216754e-01,4.633403383195400238e-03
-6.367993733039561954e-03,-4.104994560941657156e-01,4.633403383195400238e-03
1.375500785727799213e+00,-3.180369023028072062e-02,5.317429546266794205e-03
8.981942716847306912e-03,5.494606658900730300e-01,5.317429546266794205e-03
-1.220204057019644642e-02,-4.113058191894670701e-01,5.317429546266794205e-03
1.380173234991141085e+00,2.908678167839000295e-02,5.156097933650016785e-02
-6.553680879548082899e-04,5.391038097457214739e-01,5.156097933650016785e-02
2.429953110104764169e-02,-4.135694044292477778e-01,5.156097933650016785e-02
1.384738931484265745e+00,3.438745729672968571e-02,9.999590367078781128e-02
3.392047933272225591e-03,5.429990844779789549e-01,9.999590367078781128e-02
2.931637835117194973e-02,-4.096482422344742136e-01,9.999590367078781128e-02
1.393530773490030406e+00,3.439688911459388293e-02,8.295611292123794556e-02
1.111821229785919102e-02,5.401048193056298130e-01,8.295611292123794556e-02
3.904424878997993925e-02,-4.124859304320740438e-01,8.295611292123794556e-02
1.395949354360725092e+00,3.198330207209467563e-02,8.449137210845947266e-02
1.331025711719181076e-02,5.370715386937637836e-01,8.449137210845947266e-02
4.166327330203060952e-02,-4.155065979822898381e-01,8.449137210845947266e-02
1.389605847484553180e+00,2.342942894910018253e-02,1.143211126327514648e-01
1.227479048254750613e-02,5.428176839354236227e-01,1.143211126327514648e-01
3.075551162110027464e-02,-4.100031087355797133e-01,1.143211126327514648e-01
1.376376096399325899e+00,1.707783292682366755e-02,1.411346793174743652e-01
2.366709491269707033e-02,5.518566257907961958e-01,1.411346793174743652e-01
3.373862245247580272e-02,-4.040903206100046052e-01,1.411346793174743652e-01
1.388089910275626337e+00,2.170069239099921971e-02,1.679706722497940063e-01
3.521658584503453010e-02,5.560636477351350582e-01,1.679706722497940063e-01
4.558196358511274610e-02,-3.998801575925137186e-01,1.679706722497940063e-01
1.396087409805603974e+00,3.035740730595503159e-02,1.824229359626770020e-01
4.210793513127008419e-02,5.619113388694557676e-01,1.824229359626770020e-01
5.445734079900316216e-02,-3.940088942983823173e-01,1.824229359626770020e-01
1.411211375006736102e+00,4.075595799042458500e-02,1.817852705717086792e-01
5.489099552808106297e-02,5.663080754924639804e-01,1.817852705717086792e-01
7.147392777245036022e-02,-3.895480885605689392e-01,1.817852705717086792e-01
1.444422885115629551e+00,5.173114262151529835e-02,1.941720247268676758e-01
8.471738781723277267e-02,5.684621757678893772e-01,1.941720247268676758e-01
1.075087467995767543e-01,-3.872661088170850086e-01,1.941720247268676758e-01
1.458041812292849349e+00,6.714880364092058740e-02,2.118158489465713501e-01
1.148271329310776301e-01,5.747424650937136281e-01,2.118158489465713501e-01
1.455863975268165411e-01,-3.707573327071793101e-01,2.118158489465713501e-01
1.451894177769961880e+00,7.957922106864093181e-02,2.303772568702697754e-01
1.497652493310364097e-01,5.668453226214735796e-01,2.303772568702697754e-01
1.852478233124510709e-01,-3.364580521888132503e-01,2.303772568702697754e-01
1.466187652710459366e+00,9.382915786435749861e-02,2.434810996055603027e-01
1.834578530004637165e-01,5.661682954931955836e-01,2.434810996055603027e-01
2.245723452421566901e-01,-3.398993612122558350e-01,2.434810996055603027e-01
1.455936812754395682e+00,9.951249285018795576e-02,2.363655716180801392e-01
2.220136585422220477e-01,5.665924105292511337e-01,2.363655716180801392e-01
2.620986097766964118e-01,-3.775570462224486223e-01,2.363655716180801392e-01
1.469666498435586277e+00,8.991245097266732655e-02,2.350459545850753784e-01
2.668795457956447681e-01,5.679130226868893683e-01,2.350459545850753784e-01
2.953247530013610178e-01,-5.297184592718888752e-01,2.350459545850753784e-01
1.459196665646433910e+00,8.595946544487684249e-02,2.397499084472656250e-01
3.119876008099363718e-01,5.609072115780366907e-01,2.397499084472656250e-01
3.476973911352422286e-01,-1.833826554600350489e+00,2.397499084472656250e-01
1.469427359686965362e+00,8.766704254431396948e-02,2.448294460773468018e-01
3.560826589233895834e-01,5.602689651828748341e-01,2.448294460773468018e-01
3.829392245998433086e-01,-1.845581139225141998e+00,2.448294460773468018e-01
1.467735122918768953e+00,8.772844621353402539e-02,2.458826750516891479e-01
4.005051588169156185e-01,5.566860175599797067e-01,2.458826750516891479e-01
4.119321059107496352e-01,-1.859286959292227204e+00,2.458826750516891479e-01
1.476841670528260542e+00,8.810429261621678665e-02,2.440952956676483154e-01
4.413203637372829502e-01,5.571625226707659362e-01,2.440952956676483154e-01
4.388723864553624732e-01,-1.838836226787845085e+00,2.440952956676483154e-01
1.467218617969138883e+00,9.048099065900644389e-02,2.440190017223358154e-01
4.825626794766207373e-01,5.534990062819604706e-01,2.440190017223358154e-01
4.703413002446308333e-01,-1.847469889370306761e+00,2.440190017223358154e-01
1.482491877607559294e+00,9.689324067513703509e-02,2.431542128324508667e-01
5.210761393022502741e-01,5.573286630080171999e-01,2.431542128324508667e-01
5.074638076387909535e-01,-1.853632909565607445e+00,2.431542128324508667e-01
1.473833003236578953e+00,1.084327750629270060e-01,2.428410500288009644e-01
5.569607585003957251e-01,5.537621889044483936e-01,2.428410500288009644e-01
5.508645154126364796e-01,-1.847230071770336712e+00,2.428410500288009644e-01
1.481193211346034211e+00,1.143574047568765850e-01,2.421802580356597900e-01
5.952357882199438288e-01,5.534672365846071695e-01,2.421802580356597900e-01
1.476225711207892921e+00,1.196373060244258074e-01,2.398933619260787964e-01
6.343079922246916968e-01,5.567958064131561802e-01,2.398933619260787964e-01
6.338531755415927060e-01,-1.859204150776782472e+00,2.398933619260787964e-01
1.484414941167286006e+00,1.268390091816709031e-01,2.377668172121047974e-01
6.708307087221100362e-01,5.549636367337357212e-01,2.377668172121047974e-01
6.853373976924918010e-01,-1.861992828735826055e+00,2.377668172121047974e-01
1.481080396720366066e+00,1.299981346276884442e-01,2.365474700927734375e-01
7.057887497723890347e-01,5.562842617450196592e-01,2.365474700927734375e-01
7.298133814575472611e-01,-1.851595888319013783e+00,2.365474700927734375e-01
1.489417504553199212e+00,1.338021789557178598e-01,2.321609705686569214e-01
7.437622183501090278e-01,5.508479727930226666e-01,2.321609705686569214e-01
7.759619942258184633e-01,-1.851936281865217193e+00,2.321609705686569214e-01
1.486586275973551974e+00,1.213453554350917285e-01,2.266342043876647949e-01
7.867890296068159595e-01,5.515985529566602708e-01,2.266342043876647949e-01
7.690089604455511152e-01,-1.822334864210009453e+00,2.266342043876647949e-01
1.475850669875328647e+00,8.338428812695594661e-02,2.263808995485305786e-01
8.187157611784828815e-01,5.547044678052592825e-01,2.263808995485305786e-01
6.540346247186558104e-01,-1.833624681054734085e+00,2.263808995485305786e-01
1.460582215425501929e+00,6.830609557286042299e-02,2.308823466300964355e-01
8.233825504284177921e-01,5.546769282999102213e-01,2.308823466300964355e-01
5.746182923192086900e-01,-1.842449756689302998e+00,2.308823466300964355e-01
1.470999873060223617e+00,5.232898391461682230e-02,2.275267988443374634e-01
8.473074408764422749e-01,5.559039535434493473e-01,2.275267988443374634e-01
5.321906066421967507e-01,-1.841474902787395118e+00,2.275267988443374634e-01
1.479529820057125189e+00,4.354285163906138068e-02,2.202107012271881104e-01
8.670975217915876110e-01,5.557612426025173580e-01,2.202107012271881104e-01
1.474396641617608861e+00,2.754603402117855593e-02,2.234809845685958862e-01
8.785414324187788004e-01,5.583082874554432529e-01,2.234809845685958862e-01
4.782716699906389146e-01,-1.809092210408346890e+00,2.234809845685958862e-01
1.468385824760944480e+00,-1.378416995032680226e-02,2.239918410778045654e-01
9.029145534496515468e-01,5.605983170055257592e-01,2.239918410778045654e-01
1.455968940281568313e+00,-6.447363407319653406e-02,2.168449312448501587e-01
9.314104097942773608e-01,5.537685095024528215e-01,2.168449312448501587e-01
1.432119742193459055e+00,-1.676308559621714211e-01,2.209015786647796631e-01
9.986210579006720156e-01,5.564077415700475759e-01,2.209015786647796631e-01
1.435646855761007590e+00,-3.139232416359835076e-01,2.241704612970352173e-01
1.351903237541339786e-01,6.420102332254500332e-01,2.241704612970352173e-01
1.114853294836083197e+00,5.362299747133441041e-01,2.241704612970352173e-01
1.436962479531821879e+00,-4.508662711309624482e-01,2.201509326696395874e-01
2.959808391340574829e-01,5.923388363504121790e-01,2.201509326696395874e-01
1.200339816461716058e+00,5.500087037393313061e-01,2.201509326696395874e-01
2.563269151897604736e-01,-4.824837379918928137e-01,2.201509326696395874e-01
1.493695274678795926e+00,-4.933824122869485684e-01,2.141956984996795654e-01
3.061824429509272250e-01,5.518626663820007661e-01,2.141956984996795654e-01
1.234335906915900782e+00,5.635308851758240589e-01,2.141956984996795654e-01
3.093402620761225297e-01,-4.873654260877767763e-01,2.141956984996795654e-01
1.494312821006132719e+00,-4.241369920728844112e-01,2.112521529197692871e-01
2.246246401861330400e-01,5.445223512909216357e-01,2.112521529197692871e-01
1.228812510295309579e+00,5.632765914940303098e-01,2.112521529197692871e-01
1.495592392883887456e+00,-3.978431109925729126e-01,2.059161812067031860e-01
1.500155543399348534e-01,5.362162937425124509e-01,2.059161812067031860e-01
1.226349486265976951e+00,5.523180633541477924e-01,2.059161812067031860e-01
1.513436604711212219e+00,-3.348023989636905728e-01,2.077704817056655884e-01
1.440514372438839175e-02,4.983420536804523127e-01,2.077704817056655884e-01
1.206865380936991361e+00,5.689365482736057356e-01,2.077704817056655884e-01
1.503457801189187037e+00,-2.916148557148622311e-01,2.095330804586410522e-01
1.195654957556286924e+00,5.520707548365448858e-01,2.095330804586410522e-01
1.477998968988931905e+00,-3.115191414238934753e-01,2.115396708250045776e-01
1.245453238656573758e+00,5.489716971700977499e-01,2.115396708250045776e-01
1.468878603809182781e+00,-3.817413748237125093e-01,2.115391045808792114e-01
-2.933059431634521541e-02,6.267253815208200241e-01,2.115391045808792114e-01
1.328414740765999635e+00,5.252729046553847869e-01,2.115391045808792114e-01
1.470765971191403843e+00,-4.600307894292425814e-01,2.160169184207916260e-01
1.435887618044215497e+00,5.299366345205256401e-01,2.160169184207916260e-01
1.459946003525651737e+00,-5.282614709259383368e-01,2.220000624656677246e-01
3.084563916913805048e-01,6.126647641294923341e-01,2.220000624656677246e-01
1.511092100288546236e+00,4.951685837362846954e-01,2.220000624656677246e-01
1.448480994475656924e+00,-6.442309840664267595e-01,2.192736715078353882e-01
4.571069672333213374e-01,5.821892286295777819e-01,2.192736715078353882e-01
1.535528704348474438e+00,3.918118220984043720e-01,2.192736715078353882e-01
1.429089538048492480e+00,-7.560780441532560792e-01,2.141199260950088501e-01
5.430571083417106149e-01,5.737905709767862072e-01,2.141199260950088501e-01
1.519250235324758336e+00,2.953305579927685831e-01,2.141199260950088501e-01
1.427889208121446041e+00,-9.143184053433214276e-01,2.064245045185089111e-01
6.288503715015634210e-01,5.725847312372509545e-01,2.064245045185089111e-01
1.510656554736222956e+00,2.245360920944984295e-01,2.064245045185089111e-01
2.906560546390115629e-01,-4.310733798951564277e-01,2.064245045185089111e-01
1.440042520676463766e+00,-1.025815166448242444e+00,2.078255861997604370e-01
6.805223854461281974e-01,5.574299706608826233e-01,2.078255861997604370e-01
1.512616576720381190e+00,1.846616017672133014e-01,2.078255861997604370e-01
2.764952310617190268e-01,-4.083350413995237016e-01,2.078255861997604370e-01
1.461427951440846584e+00,-1.130039579403957273e+00,2.127415686845779419e-01
7.202540930668699382e-01,5.650006300492085298e-01,2.127415686845779419e-01
1.509269559672674177e+00,1.558349014540276189e-01,2.127415686845779419e-01
2.650184221389446648e-01,-3.882267740442752468e-01,2.127415686845779419e-01
1.360769852364361876e+00,-1.364274713855045729e+00,2.156416773796081543e-01
8.360762803294303769e-01,5.801770483301783576e-01,2.156416773796081543e-01
1.524807235584735743e+00,8.138283096883536238e-02,2.156416773796081543e-01
2.137022241410740930e-01,-2.724075716247281731e-01,2.156416773796081543e-01
1.068325273848497847e+00,-1.855688370767820894e+00,2.150378674268722534e-01
9.802966599321772945e-01,5.547047430482574537e-01,2.150378674268722534e-01
1.496266677066511619e+00,-3.785912812378301739e-02,2.150378674268722534e-01
8.448550033226182032e-01,-1.851367514856962604e+00,2.049978375434875488e-01
1.054296409732711437e+00,5.434916244831703436e-01,2.049978375434875488e-01
1.494966770512449195e+00,-9.934477237862499033e-02,2.049978375434875488e-01
8.827089459057617660e-01,-1.853611100242223086e+00,1.987701207399368286e-01
1.014759877926298293e+00,5.527684523954126128e-01,1.987701207399368286e-01
1.490296080686698499e+00,-8.925204561397315217e-02,1.987701207399368286e-01
1.074867300940389958e+00,-1.865278970176214690e+00,1.942038089036941528e-01
9.177720360606542727e-01,5.375912047921220793e-01,1.942038089036941528e-01
1.485160579197530417e+00,-4.763972494161415605e-02,1.942038089036941528e-01
1.285987828259720356e+00,-1.846509140483157729e+00,1.956229805946350098e-01
8.312055113075752510e-01,5.313920442147342937e-01,1.956229805946350098e-01
1.497734775155388887e+00,-1.513036194487761554e-02,1.956229805946350098e-01
1.453401566127818123e+00,-1.816269850023931598e+00,2.032416015863418579e-01
7.734321194576375680e-01,5.249874087144260626e-01,2.032416015863418579e-01
1.499195535974172655e+00,1.639089479285593676e-03,2.032416015863418579e-01
2.315747067967189876e-01,-3.665149997761034117e-01,2.032416015863418579e-01
1.516077570618431292e+00,-1.764844514503266071e+00,2.104652374982833862e-01
7.458449322948040860e-01,5.356375399498921608e-01,2.104652374982833862e-01
1.503305385520806059e+00,-1.011209293927400887e-02,2.104652374982833862e-01
2.790999723719901349e-01,-4.199926931354005522e-01,2.104652374982833862e-01
7.313849950355615359e-01,5.271828272746158506e-01,2.091810107231140137e-01
1.507747985654690259e+00,-2.223004734421091255e-02,2.091810107231140137e-01
3.159899623247575118e-01,-4.639922161961073654e-01,2.091810107231140137e-01
6.992666432830184631e-01,5.315254599043038874e-01,2.055280357599258423e-01
1.499450840186085987e+00,-3.051924563662800072e-02,2.055280357599258423e-01
3.276272331779787050e-01,-5.278706647142346053e-01,2.055280357599258423e-01
1.542084151038837225e+00,-1.230474744174304913e+00,2.106787115335464478e-01
6.452873515334761612e-01,5.067012688989073199e-01,2.106787115335464478e-01
1.500645351272499095e+00,-2.969382082736676809e-02,2.106787115335464478e-01
1.510588147439990037e+00,-1.002271999898488808e+00,2.079331129789352417e-01
5.446151749919135865e-01,5.118324273124705837e-01,2.079331129789352417e-01
1.492440865642252756e+00,-2.932047173105062354e-02,2.079331129789352417e-01
1.526058644796786767e+00,-9.057191981935974745e-01,2.016191929578781128e-01
4.506468620638587330e-01,5.101810446057267745e-01,2.016191929578781128e-01
1.501293489148123550e+00,-2.165320118562663598e-02,2.016191929578781128e-01
1.499134195124308233e+00,-8.145130172468314500e-01,1.979413330554962158e-01
4.112156700102382878e-01,5.408752233372553508e-01,1.979413330554962158e-01
1.510838395970631076e+00,-3.830942817850657711e-02,1.979413330554962158e-01
1.492525728858850043e+00,-8.099396332703121537e-01,2.027790844440460205e-01
4.561373775346305726e-01,5.640109427110316931e-01,2.027790844440460205e-01
1.513288482512529232e+00,-7.027963836676409670e-02,2.027790844440460205e-01
1.485811269162491177e+00,-8.042164395717709136e-01,2.067047953605651855e-01
4.926757371803234253e-01,5.569987583725131142e-01,2.067047953605651855e-01
1.508404793035261537e+00,-9.205246078668061216e-02,2.067047953605651855e-01
1.483240942324343337e+00,-8.316377324650809921e-01,2.120104879140853882e-01
5.467070307312547062e-01,5.594888730012040901e-01,2.120104879140853882e-01
1.518572007926281442e+00,-1.195129429770085128e-01,2.120104879140853882e-01
1.482040067422381480e+00,-8.812186236911199178e-01,2.135718911886215210e-01
6.240187710555226142e-01,5.468414083036609030e-01,2.135718911886215210e-01
1.511953060920341319e+00,-1.562757205463337074e-01,2.135718911886215210e-01
1.481015842422865658e+00,-9.041894952133988639e-01,2.053418606519699097e-01
6.533668399332486221e-01,5.497452105687905544e-01,2.053418606519699097e-01
1.506663874445715479e+00,-1.669682404646261331e-01,2.053418606519699097e-01
1.483177136844206601e+00,-9.140369804462040726e-01,1.995231211185455322e-01
6.716471312130901650e-01,5.443799866658630693e-01,1.995231211185455322e-01
1.507238840040532990e+00,-1.613710290180210005e-01,1.995231211185455322e-01
1.466949205007052282e+00,-9.464290401224160210e-01,2.029397934675216675e-01
7.208661221117614870e-01,5.576989575617764539e-01,2.029397934675216675e-01
1.517690265199801214e+00,-1.800627146549436119e-01,2.029397934675216675e-01
1.470691094745175898e+00,-1.054844639788893090e+00,2.003230303525924683e-01
7.895538973356819312e-01,5.430355554401297136e-01,2.003230303525924683e-01
1.509219750831645168e+00,-2.144253737911588076e-01,2.003230303525924683e-01
1.441691990211377838e+00,-1.118014551094526965e+00,2.004213035106658936e-01
8.540529526761125867e-01,5.441675573294048052e-01,2.004213035106658936e-01
1.509737037552434824e+00,-2.454351154370314481e-01,2.004213035106658936e-01
9.592347104766836274e-01,5.512364694873775894e-01,2.015045285224914551e-01
1.510854550403697427e+00,-2.682313774711811427e-01,2.015045285224914551e-01
1.307560307863596449e+00,-1.814450087188024252e+00,2.016489654779434204e-01
1.078791905647651150e+00,5.545296548417727456e-01,2.016489654779434204e-01
1.498749794544429692e+00,-3.091024262861581939e-01,2.016489654779434204e-01
2.873849432628066136e-01,-4.260818991839755432e-01,2.016489654779434204e-01
1.115681157244437616e+00,-1.863532306138979244e+00,2.042244225740432739e-01
1.181662159566911674e+00,5.415628078497630726e-01,2.042244225740432739e-01
1.492485735688864779e+00,-3.442942373481404639e-01,2.042244225740432739e-01
2.769430679372808513e-01,-3.109472303555683159e-01,2.042244225740432739e-01
9.844822138163131786e-01,-1.839128739918142852e+00,2.052070647478103638e-01
1.247230464092269120e+00,5.353784419991751697e-01,2.052070647478103638e-01
1.491145075500493133e+00,-3.789949294096685017e-01,2.052070647478103638e-01
9.452001694844029966e-01,-1.864701767303114099e+00,2.039924263954162598e-01
1.241742013465321648e+00,5.300073872224198013e-01,2.039924263954162598e-01
1.487680993732689361e+00,-4.214289049091382577e-01,2.039924263954162598e-01
9.341513516583164201e-01,-1.879986612745847552e+00,2.019174396991729736e-01
1.216972496320486208e+00,5.153747796398567838e-01,2.019174396991729736e-01
1.484599667839050507e+00,-4.587256756854516948e-01,2.019174396991729736e-01
9.234578806017672559e-01,-1.869764990676343608e+00,2.004840970039367676e-01
1.220638683530266944e+00,5.218419106288795239e-01,2.004840970039367676e-01
1.491526242477113184e+00,-4.933092753566458710e-01,2.004840970039367676e-01
9.074502680805995869e-01,-1.877209531830629885e+00,1.994972527027130127e-01
1.230641493576270840e+00,5.160669736660933316e-01,1.994972527027130127e-01
1.491958146887463421e+00,-5.303166112119560571e-01,1.994972527027130127e-01
2.968064012853729450e-01,-3.689217383557327201e-01,1.994972527027130127e-01
8.954399311483525192e-01,-1.867316633335033949e+00,1.899996995925903320e-01
1.234308493308921673e+00,5.227804562366908936e-01,1.899996995925903320e-01
1.490725534137445907e+00,-5.680152630310110196e-01,1.899996995925903320e-01
2.927066947083710735e-01,-3.981598528345368093e-01,1.899996995925903320e-01
9.084187173287741057e-01,-1.877081494343662449e+00,1.911063194274902344e-01
1.202725750938808513e+00,5.088353881079585861e-01,1.911063194274902344e-01
1.483352583540262115e+00,-5.978445931079644504e-01,1.911063194274902344e-01
2.844392748873676435e-01,-4.499565329578306683e-01,1.911063194274902344e-01
9.484873305705527891e-01,-1.880693381621815208e+00,1.921169608831405640e-01
1.155834916066200480e+00,5.223777739599591019e-01,1.921169608831405640e-01
1.485575181728207905e+00,-6.232091311682153023e-01,1.921169608831405640e-01
2.750729205209706540e-01,-5.187616533998853363e-01,1.921169608831405640e-01
9.780417981907228997e-01,-1.893907664212939768e+00,1.958799660205841064e-01
1.116826402872952206e+00,5.100895973294266028e-01,1.958799660205841064e-01
1.485457276642832003e+00,-6.520882199187151285e-01,1.958799660205841064e-01
2.475184874764969623e-01,-5.806210646836801326e-01,1.958799660205841064e-01
1.001998478137711368e+00,-1.883514822120386123e+00,1.957387030124664307e-01
1.091708228570792194e+00,5.188107512932664811e-01,1.957387030124664307e-01
1.484146045362860544e+00,-6.826706509562544545e-01,1.957387030124664307e-01
1.004204681373680019e+00,-1.883425057074973097e+00,1.967144012451171875e-01
1.089639328316592382e+00,5.120519144490154329e-01,1.967144012451171875e-01
1.484983685917554697e+00,-7.198217961695213551e-01,1.967144012451171875e-01
9.907251613904375365e-01,-1.882812532226598057e+00,1.998184770345687866e-01
1.109197602249652137e+00,5.122591328299737068e-01,1.998184770345687866e-01
1.485658631307834154e+00,-7.628969727510073184e-01,1.998184770345687866e-01
9.871393700065443921e-01,-1.883440860058657851e+00,1.997055262327194214e-01
1.114163519953491166e+00,5.051840299837815351e-01,1.997055262327194214e-01
1.488459450579249888e+00,-7.985320266470314898e-01,1.997055262327194214e-01
9.663874987679643702e-01,-1.886361488972093658e+00,2.008336931467056274e-01
1.137761959979509685e+00,5.065095468433455927e-01,2.008336931467056274e-01
1.487258395026370472e+00,-8.429044896515826002e-01,2.008336931467056274e-01
9.731944461833594850e-01,-1.890003275450270470e+00,2.018654793500900269e-01
1.125079074560666470e+00,5.101958953817433695e-01,2.018654793500900269e-01
1.490287777522385060e+00,-8.756347592370016253e-01,2.018654793500900269e-01
9.819347079394669109e-01,-1.885072916795284659e+00,2.047686874866485596e-01
1.114116278952998584e+00,5.122858449015113003e-01,2.047686874866485596e-01
1.490298909865279908e+00,-9.115834005701066722e-01,2.047686874866485596e-01
9.970821138626844160e-01,-1.892924761769840369e+00,2.006275653839111328e-01
1.106299962214049248e+00,5.135981368541262526e-01,2.006275653839111328e-01
1.487554438784803867e+00,-9.451869823785727931e-01,2.006275653839111328e-01
1.008376833021269681e+00,-1.886203273179018813e+00,1.976947635412216187e-01
1.106859009652343406e+00,5.127761475092882382e-01,1.976947635412216187e-01
1.489944045086805557e+00,-9.801933282758586996e-01,1.976947635412216187e-01
1.028652334699487803e+00,-1.899804890738491681e+00,1.924173384904861450e-01
1.087402440585278907e+00,5.014765223945896189e-01,1.924173384904861450e-01
1.491508891062108599e+00,-1.011860180617339955e+00,1.924173384904861450e-01
1.020633618622277528e+00,-1.888171889476795151e+00,1.991291493177413940e-01
1.105528389928275734e+00,5.043223900994180386e-01,1.991291493177413940e-01
1.488358543843353532e+00,-1.058236112246448757e+00,1.991291493177413940e-01
9.937111368132863776e-01,-1.899147362803568218e+00,2.025367617607116699e-01
1.161322728166044538e+00,4.919852881474817696e-01,2.025367617607116699e-01
1.484705613954528491e+00,-1.115562381185876362e+00,2.025367617607116699e-01
9.751296228227982477e-01,-1.891120473567079907e+00,2.007122337818145752e-01
1.204503170243451882e+00,5.029164467296112218e-01,2.007122337818145752e-01
1.486370840847582420e+00,-1.168585756759274785e+00,2.007122337818145752e-01
9.631673956763809885e-01,-1.905183985049989204e+00,1.921442151069641113e-01
1.209613601145143935e+00,4.851451278150256119e-01,1.921442151069641113e-01
1.481405976057325713e+00,-1.217708331804913779e+00,1.921442151069641113e-01
9.451568244801474838e-01,-1.893033195296397242e+00,1.954634189605712891e-01
1.248080547848190003e+00,4.968450898513723235e-01,1.954634189605712891e-01
1.477847111963324522e+00,-1.269064399905881935e+00,1.954634189605712891e-01
8.867667981315097148e-01,-1.885929908507223640e+00,1.946449726819992065e-01
1.361383849288882342e+00,4.829927695788891473e-01,1.946449726819992065e-01
1.470207262461799669e+00,-1.320528082738986475e+00,1.946449726819992065e-01
8.443262551442967112e-01,-1.872069747520525240e+00,1.915034949779510498e-01
1.459197846739844096e+00,4.798855934349017804e-01,1.915034949779510498e-01
1.478851998768959231e+00,-1.350604426835084970e+00,1.915034949779510498e-01
7.931395909461897986e-01,-1.871866246278822477e+00,1.913313865661621094e-01
1.602076208562395188e+00,4.036219537959777615e-01,1.913313865661621094e-01
1.481540413517638877e+00,-1.401269489508280675e+00,1.913313865661621094e-01
7.451432482514050992e-01,-1.872488030799522418e+00,1.984330415725708008e-01
1.485891134313158224e+00,-1.451877083135241886e+00,1.984330415725708008e-01
6.958522616190283561e-01,-1.872822725644817554e+00,2.057919651269912720e-01
1.547961116213068200e+00,-2.929697261785908502e-01,2.057919651269912720e-01
1.486160416144608254e+00,-1.507164386630961861e+00,2.057919651269912720e-01
6.037000628942403857e-01,-1.860132790789125412e+00,2.086375057697296143e-01
1.485381428026261164e+00,-1.598005015879757629e+00,2.086375057697296143e-01
4.936957363224111495e-01,-1.838807574304693437e+00,2.049300521612167358e-01
1.541644244412334164e+00,-7.419516473971963233e-01,2.049300521612167358e-01
1.466942024197345429e+00,-1.684351550991711299e+00,2.049300521612167358e-01
2.384923077729304008e-01,-5.106768540604132989e-01,2.049300521612167358e-01
3.484295496388019053e-01,-1.831769968192821230e+00,2.005274146795272827e-01
1.517629638071425147e+00,-8.511338719730532354e-01,2.005274146795272827e-01
1.489238975017472155e+00,-1.789867045058652018e+00,2.005274146795272827e-01
3.081058525719063690e-01,-3.816168730146406451e-01,2.005274146795272827e-01
2.216174183437094047e-01,-1.815844675208383885e+00,2.025283724069595337e-01
1.511826381208931869e+00,-9.212716864912824377e-01,2.025283724069595337e-01
1.442217348472272009e+00,-1.849323184287318789e+00,2.025283724069595337e-01
3.436589266591690839e-01,-2.649137063228929057e-01,2.025283724069595337e-01
6.997728383229417926e-02,-1.832479134738413729e+00,2.064314633607864380e-01
1.497099416969548180e+00,-9.632476252371915404e-01,2.064314633607864380e-01
1.399156153253278578e+00,-1.863600398927929502e+00,2.064314633607864380e-01
3.835474408562533633e-02,-1.866020632031061721e+00,1.992909014225006104e-01
1.497178017747774481e+00,-9.719537127114561414e-01,1.992909014225006104e-01
1.404497186440980983e+00,-1.857969098304890210e+00,1.992909014225006104e-01
1.638401635193658112e-01,-1.883578531525517796e+00,1.949342191219329834e-01
1.490313619679182411e+00,-9.466451453643501823e-01,1.949342191219329834e-01
1.456511569633500258e+00,-1.843445804046484060e+00,1.949342191219329834e-01
2.318071655175295565e-01,-1.872028985563311876e+00,1.981782764196395874e-01
1.493350962513579683e+00,-9.324353243135200531e-01,1.981782764196395874e-01
1.474151807958133276e+00,-1.830776235362524762e+00,1.981782764196395874e-01
2.514885882046898891e-01,-1.864965945276565229e+00,2.000949233770370483e-01
1.502119047738746493e+00,-9.341574506410499357e-01,2.000949233770370483e-01
1.469799470497756388e+00,-1.837044733155851706e+00,2.000949233770370483e-01
2.440458851951822217e-01,-1.901272646353782125e-01,2.000949233770370483e-01
2.775144052788379723e-01,-1.886794953251420326e+00,1.997953206300735474e-01
1.492879217950224824e+00,-9.393935746793578012e-01,1.997953206300735474e-01
1.482802302091439151e+00,-1.837337033794003371e+00,1.997953206300735474e-01
3.306506748950611696e-01,-1.875075257627471625e+00,2.055542021989822388e-01
1.500826956682009383e+00,-9.398258419402587549e-01,2.055542021989822388e-01
1.489636868697272298e+00,-1.830792048892516677e+00,2.055542021989822388e-01
3.530866340679461590e-01,-1.888483586790610680e+00,2.080936729907989502e-01
1.501105953989280373e+00,-9.418074853243501021e-01,2.080936729907989502e-01
1.503449781225203452e+00,-1.826438202897444629e+00,2.080936729907989502e-01
4.135089222150899468e-01,-1.895003182571648015e+00,2.073584347963333130e-01
1.504830733792472675e+00,-9.296712688883495002e-01,2.073584347963333130e-01
1.515401092650455972e+00,-1.809483332634700625e+00,2.073584347963333130e-01
2.857126700037835310e-01,-4.193026309959754228e-01,2.073584347963333130e-01
4.691088349439748173e-01,-1.895403845379627139e+00,2.070584744215011597e-01
1.505193995962331499e+00,-9.228975270877786130e-01,2.070584744215011597e-01
1.529887689679588325e+00,-1.796685957710774773e+00,2.070584744215011597e-01
2.767848967222523715e-01,-4.616599690938772982e-01,2.070584744215011597e-01
4.972069749390070070e-01,-1.884559650006077280e+00,2.058009207248687744e-01
1.509636316342388707e+00,-9.336086372480516538e-01,2.058009207248687744e-01
1.515192432973555547e+00,-1.795460787891061116e+00,2.058009207248687744e-01
2.712197978538055665e-01,-4.710661778623032037e-01,2.058009207248687744e-01
4.648737400331798275e-01,-1.881008993782786520e+00,2.037601172924041748e-01
1.512773138736972722e+00,-9.784593551499689568e-01,2.037601172924041748e-01
1.495308796256050288e+00,-1.840802092547176416e+00,2.037601172924041748e-01
4.490394782001903007e-01,-1.900871299370993528e+00,2.007287442684173584e-01
1.501491153990094585e+00,-1.000554427304817917e+00,2.007287442684173584e-01
1.495021599032091419e+00,-1.848312732990256446e+00,2.007287442684173584e-01
4.869117871872705727e-01,-1.902824679131774888e+00,1.955995857715606689e-01
1.496520921534147064e+00,-9.767634522988238865e-01,1.955995857715606689e-01
1.510611976111940535e+00,-1.830936410300238126e+00,1.955995857715606689e-01
2.553596416383711043e-01,-4.624370216271358469e-01,1.955995857715606689e-01
4.982917765300085566e-01,-1.889543528236503400e+00,1.995774507522583008e-01
1.510576598638327495e+00,-9.858132372043122427e-01,1.995774507522583008e-01
1.498223740384505787e+00,-1.841376447547628192e+00,1.995774507522583008e-01
2.668329458977544144e-01,-4.620731048222914694e-01,1.995774507522583008e-01
4.874552719995524086e-01,-1.902481873028276427e+00,2.077880948781967163e-01
1.507051629292611050e+00,-1.025299868997912256e+00,2.077880948781967163e-01
1.490376772062755428e+00,-1.870709798639363708e+00,2.077880948781967163e-01
2.747133850645409048e-01,-4.576781183462328428e-01,2.077880948781967163e-01
4.974262206023691846e-01,-1.899687930214478682e+00,2.035291194915771484e-01
1.503664074072500467e+00,-1.059327065916394695e+00,2.035291194915771484e-01
1.479062866999254044e+00,-1.878533865577224571e+00,2.035291194915771484e-01
2.701226762546421467e-01,-4.309636202342288502e-01,2.035291194915771484e-01
4.923962595724841185e-01,-1.896181554214203313e+00,1.983229219913482666e-01
1.517306929386511349e+00,-1.088355385474069958e+00,1.983229219913482666e-01
1.470856901085715984e+00,-1.895302344617516566e+00,1.983229219913482666e-01
3.083300467608346418e-01,-4.203734266782500617e-01,1.983229219913482666e-01
4.838861958650876316e-01,-1.897303264109996057e+00,1.923406571149826050e-01
1.513611749312918864e+00,-1.130282218390546767e+00,1.923406571149826050e-01
1.454273730617601235e+00,-1.902691436057784458e+00,1.923406571149826050e-01
3.282342670808711116e-01,-3.909837505054776230e-01,1.923406571149826050e-01
4.919333161692622802e-01,-1.912407815935873501e+00,1.976477950811386108e-01
1.515181640759343029e+00,-1.148410521291715503e+00,1.976477950811386108e-01
1.454153488866543942e+00,-1.904080796396240949e+00,1.976477950811386108e-01
3.090549595408441652e-01,-3.704102456793931797e-01,1.976477950811386108e-01
5.385206602045569113e-01,-1.921954720715412179e+00,1.983835995197296143e-01
1.508725595179686074e+00,-1.157803306302073842e+00,1.983835995197296143e-01
1.459834686737194964e+00,-1.898966364658106754e+00,1.983835995197296143e-01
2.761734270022021542e-01,-3.961307042472386186e-01,1.983835995197296143e-01
5.832509194740013170e-01,-1.927083406738737459e+00,2.010799646377563477e-01
1.511852752373187503e+00,-1.160718848622776855e+00,2.010799646377563477e-01
1.472717416741340157e+00,-1.903538763208393547e+00,2.010799646377563477e-01
2.646111615053822197e-01,-4.396797276247923492e-01,2.010799646377563477e-01
6.232308255608481895e-01,-1.926570457716342277e+00,2.012725770473480225e-01
1.508953896528775429e+00,-1.171328349809782177e+00,2.012725770473480225e-01
1.470423875379972767e+00,-1.896755422278319614e+00,2.012725770473480225e-01
2.480217007270868468e-01,-4.631624105054890084e-01,2.012725770473480225e-01
6.323599357536989762e-01,-1.918019295510065003e+00,2.010753154754638672e-01
1.499741333759246231e+00,-1.179798115650029677e+00,2.010753154754638672e-01
1.450415244358984390e+00,-1.916434346706090031e+00,2.010753154754638672e-01
2.435953699960470287e-01,-4.984675661210777875e-01,2.010753154754638672e-01
5.870073450844308649e-01,-1.903378971434881883e+00,1.994395554065704346e-01
1.514753869793132646e+00,-1.190507043322316827e+00,1.994395554065704346e-01
1.403161807162823571e+00,-1.911858006139940835e+00,1.994395554065704346e-01
2.820640740627209375e-01,-4.528378305296747453e-01,1.994395554065704346e-01
5.800822217856521634e-01,-1.912612575522476543e+00,2.000283598899841309e-01
1.504891328650708182e+00,-1.179722327354677969e+00,2.000283598899841309e-01
1.410379421453031412e+00,-1.897694123038782488e+00,2.000283598899841309e-01
5.906985249348966072e-01,-1.901527916694264242e+00,2.041076719760894775e-01
1.517145484670494149e+00,-1.167484300281269149e+00,2.041076719760894775e-01
1.425284093377180872e+00,-1.904981747591873109e+00,2.041076719760894775e-01
2.726741508538993441e-01,-4.502562338276860920e-01,2.041076719760894775e-01
5.771031999456106565e-01,-1.907286637594260537e+00,2.090891152620315552e-01
1.507701922727685551e+00,-1.170431823430458707e+00,2.090891152620315552e-01
1.423153190912803012e+00,-1.898098994566064457e+00,2.090891152620315552e-01
2.728650943285362285e-01,-4.453614770301044246e-01,2.090891152620315552e-01
6.118804962741881681e-01,-1.908186376256256978e+00,2.057732641696929932e-01
1.513400026370427476e+00,-1.142189289541786446e+00,2.057732641696929932e-01
1.455921658188884527e+00,-1.893069597707599971e+00,2.057732641696929932e-01
6.126539403961034358e-01,-1.889270251881194351e+00,2.008752822875976562e-01
1.532473459619736245e+00,-1.158136165645840876e+00,2.008752822875976562e-01
1.451880561366840627e+00,-1.906896330686155050e+00,2.008752822875976562e-01
5.376919190992041075e-01,-1.873663946704464234e+00,1.994171440601348877e-01
1.537809288341729808e+00,-1.219607184840932002e+00,1.994171440601348877e-01
1.401866859771857987e+00,-1.914304713348501608e+00,1.994171440601348877e-01
3.663225974741149971e-01,-3.308552885728872628e-01,1.994171440601348877e-01
4.275698047496669929e-01,-1.835368005567403316e+00,2.005544602870941162e-01
1.543220082902882595e+00,-1.280534285560541496e+00,2.005544602870941162e-01
1.342851628821534860e+00,-1.912912718628155373e+00,2.005544602870941162e-01
1.909663113819948244e-01,-1.825523447058075011e+00,2.019230872392654419e-01
1.526908708662522152e+00,-1.347173249871580714e+00,2.019230872392654419e-01
1.274983086607190064e+00,-1.913231092279963796e+00,2.019230872392654419e-01
1.521784927463724291e+00,-1.395782321423484573e+00,1.978500485420227051e-01
1.220361781582969041e+00,-1.911767870763142918e+00,1.978500485420227051e-01
1.521156160636331522e+00,-1.427390034052761436e+00,2.006579935550689697e-01
1.195822891522001274e+00,-1.908242676769199786e+00,2.006579935550689697e-01
1.528740124114605248e+00,-1.476725089446057071e+00,1.963080465793609619e-01
1.165056204845469123e+00,-1.916805771668124603e+00,1.963080465793609619e-01
1.520564304354030227e+00,-1.539802188040262809e+00,1.897660344839096069e-01
1.105400097076163268e+00,-1.922543198379291329e+00,1.897660344839096069e-01
1.520319701195253170e+00,-1.553564479230749251e+00,1.935277879238128662e-01
1.083215141563231176e+00,-1.916729185595363205e+00,1.935277879238128662e-01
1.401431145842662040e+00,4.580454510007989644e-01,1.935277879238128662e-01
1.517421324432127738e+00,-1.525461838858900965e+00,1.961022764444351196e-01
1.070689505179285073e+00,-1.922857965748740794e+00,1.961022764444351196e-01
1.298654271703300278e+00,4.682999264080383028e-01,1.961022764444351196e-01
1.506471875661751891e+00,-1.486978225546526700e+00,1.945211291313171387e-01
1.065269656060505055e+00,-1.921899599381997170e+00,1.945211291313171387e-01
1.503835050777570626e+00,-1.462796276164237685e+00,1.990061700344085693e-01
1.050772512092003952e+00,-1.922865114534963782e+00,1.990061700344085693e-01
9.879192634707573140e-01,4.673086174639793366e-01,1.990061700344085693e-01
1.493123744202746961e+00,-1.471102864561139922e+00,1.972810775041580200e-01
1.021295610039731683e+00,-1.928988452685780119e+00,1.972810775041580200e-01
1.497614722882389504e+00,-1.502581180719151366e+00,1.961570829153060913e-01
9.727243031508647775e-01,-1.926182464090748114e+00,1.961570829153060913e-01
1.490503499271957910e+00,-1.531967378109976519e+00,1.971591860055923462e-01
9.227460698140191875e-01,-1.930072265413955268e+00,1.971591860055923462e-01
1.492599677724802287e+00,-1.540809906245766747e+00,1.990469247102737427e-01
8.851164767415263812e-01,-1.928109739092506825e+00,1.990469247102737427e-01
1.041576942888413404e+00,4.717954928975189866e-01,1.990469247102737427e-01
1.489298931356605404e+00,-1.535291492225380861e+00,2.010530680418014526e-01
8.526266961602086969e-01,-1.922737572254620497e+00,2.010530680418014526e-01
1.504110280959128243e+00,-1.545775188689679558e+00,2.038879245519638062e-01
8.073027474722584973e-01,-1.925227769753433904e+00,2.038879245519638062e-01
1.491060551946725488e+00,-1.551257189791035218e+00,2.004003822803497314e-01
7.644874637936620587e-01,-1.925729548679806502e+00,2.004003822803497314e-01
9.416540022753925321e-01,4.717332805716507593e-01,2.004003822803497314e-01
1.491978673489759544e+00,-1.523215243053006818e+00,1.961153596639633179e-01
7.448379696399747285e-01,-1.924515341048071093e+00,1.961153596639633179e-01
1.487934561913209608e+00,-1.513899774674837273e+00,2.008240371942520142e-01
7.156342514991151926e-01,-1.924559281485885620e+00,2.008240371942520142e-01
7.856894432306305021e-01,4.774193341790125000e-01,2.008240371942520142e-01
1.493202999502037054e+00,-1.539812456475478264e+00,2.054829001426696777e-01
6.671343202896430347e-01,-1.922376878794505251e+00,2.054829001426696777e-01
7.972311278532681067e-01,4.620766897745607338e-01,2.054829001426696777e-01
1.479256922862221213e+00,-1.577525783924158764e+00,2.088433802127838135e-01
6.092718889408785810e-01,-1.924163982559104813e+00,2.088433802127838135e-01
1.487679293184346108e+00,-1.608955057366403318e+00,2.044576257467269897e-01
5.567423296307986158e-01,-1.923561748156191520e+00,2.044576257467269897e-01
8.500922973749077682e-01,4.816149182083668823e-01,2.044576257467269897e-01
1.485301872330183848e+00,-1.610888101673748851e+00,1.977133452892303467e-01
5.160282339421411457e-01,-1.920340220629178862e+00,1.977133452892303467e-01
1.485867406570004601e+00,-1.597279126200061627e+00,1.911071389913558960e-01
4.794011057097809503e-01,-1.916782780690487797e+00,1.911071389913558960e-01
1.476629319306947519e+00,-1.540776302170253631e+00,1.943205744028091431e-01
4.533478139812033847e-01,-1.915309292517271444e+00,1.943205744028091431e-01
1.486801015867668996e+00,-1.500963617292486951e+00,1.991040706634521484e-01
4.228438851112844565e-01,-1.921968633785926750e+00,1.991040706634521484e-01
1.473165698463904549e+00,-1.506017993896849649e+00,2.021581530570983887e-01
3.751239233318423016e-01,-1.917003711489115414e+00,2.021581530570983887e-01
4.843324700719322529e-01,4.574862323343822368e-01,2.021581530570983887e-01
1.473631002637662668e+00,-1.502124985795581624e+00,1.978772878646850586e-01
3.311942880151023116e-01,-1.913911766887945509e+00,1.978772878646850586e-01
4.423138917656481151e-01,3.623776333558639262e-01,1.978772878646850586e-01
1.475465437138301583e+00,-1.448030122711772449e+00,1.977978944778442383e-01
3.097302901731339708e-01,-1.923230677351704276e+00,1.977978944778442383e-01
1.484822190580704193e+00,-1.413894989364049781e+00,1.978352665901184082e-01
2.816374365499322296e-01,-1.917279978877951763e+00,1.978352665901184082e-01
2.422619488918331399e-01,-5.318394096106565661e-01,1.978352665901184082e-01
1.483317342626983448e+00,-1.426279388071629572e+00,2.029358744621276855e-01
2.388526056179263724e-01,-1.920384152611477546e+00,2.029358744621276855e-01
2.061816832362854957e-01,-5.637774996605446898e-01,2.029358744621276855e-01
1.476916758325420131e+00,-1.436155442242703639e+00,2.069811671972274780e-01
1.978570927197493001e-01,-1.916838676629664118e+00,2.069811671972274780e-01
1.749760946009830120e-01,-5.630320213331668766e-01,2.069811671972274780e-01
1.474852944750189687e+00,-1.460952620492600662e+00,2.037046700716018677e-01
1.468262564679090054e-01,-1.907142171255500340e+00,2.037046700716018677e-01
1.588055772343941463e-01,-5.621955195722547760e-01,2.037046700716018677e-01
1.470374070732825889e+00,-1.413883750812407136e+00,1.974569112062454224e-01
1.246658686776746378e-01,-1.915415838441397067e+00,1.974569112062454224e-01
9.598604747278886851e-02,-5.577187191045193115e-01,1.974569112062454224e-01
1.466989857901175975e+00,-1.423011092876112604e+00,2.015735208988189697e-01
8.943729084975303445e-02,-1.923884255473226279e+00,2.015735208988189697e-01
6.578663101040241323e-02,-5.550885635275059071e-01,2.015735208988189697e-01
1.483608812361817408e+00,-1.572526593870511524e+00,2.052624672651290894e-01
1.663726876776295410e-02,-1.920232633917671183e+00,2.052624672651290894e-01
1.181531968964428109e-01,-5.610183328097947397e-01,2.052624672651290894e-01
1.467254273351902949e+00,-1.703969135920006206e+00,2.085188031196594238e-01
-5.429602917185540056e-02,-1.918122531620050086e+00,2.085188031196594238e-01
1.524755426133810043e-01,-5.800038832553158219e-01,2.085188031196594238e-01
1.459039713282939354e+00,-1.749124329883686046e+00,2.087510824203491211e-01
-1.029798942492503727e-01,-1.918932296967048146e+00,2.087510824203491211e-01
1.443423148136549483e-01,-5.663581862787485655e-01,2.087510824203491211e-01
1.450181054657755153e+00,-1.773703589977843054e+00,2.007164657115936279e-01
-1.530493756256148252e-01,-1.918552433305636740e+00,2.007164657115936279e-01
1.140724493983243104e-01,-5.626136697193604430e-01,2.007164657115936279e-01
1.444344555648551021e+00,-1.836823886149724583e+00,2.001529335975646973e-01
-2.137088936238802916e-01,-1.917345680440417421e+00,2.001529335975646973e-01
1.083040734364263125e-01,-5.559094354972258234e-01,2.001529335975646973e-01
